{
             "simid"  :    "bccFe100" ,
             "ncell"  :    [       10 ,       10 ,       10 ] , 
                "bc"  :    [ "P" , "P" , "P" ] , 
              "cell"  :  [
                           [    1.00000     ,    0.00000     ,    0.00000     ] , 
                           [    0.00000     ,    1.00000     ,    0.00000     ] , 
                           [    0.00000     ,    0.00000     ,    1.00000     ]  
                         ],
         "anumb_inp"  :    [        1 ,        2 ] , 
         "atype_inp"  :    [        1 ,        1 ] , 
               "bas"  :  [
                           [    0.00000     ,    0.00000     ,    0.00000     ] , 
                           [   0.500000     ,   0.500000     ,   0.500000     ]  
                         ],
                "na"  :         2 ,
                "nt"  :         1 ,
               "sym"  :         1 ,
               "llg"  :         1 ,
           "sdealgh"  :         1 ,
         "mensemble"  :         5 ,
           "initmag"  :         1 ,
             "mseed"  :         1 ,
           "ip_mode"  :    "M" ,
         "ip_hfield"  :    [    0.00000     ,    0.00000     ,    0.00000     ] , 
       "ip_mcanneal"  :         1 ,
        "ip_mcnstep"  :     10000 ,
           "ip_temp"  :     100.000     ,
              "mode"  :   "S" ,
              "temp"  :     100.000     ,
            "hfield"  :    [    0.00000     ,    0.00000     ,    0.00000     ] , 
             "nstep"  :     20000 ,
          "timestep"  :    0.100000E-15 ,
           "damping"  :     5.00000     ,
 "real_time_measure"  :   "N" ,
           "do_avrg"  :   "Y" ,
         "avrg_step"  :       100 ,
        "do_tottraj"  :   "N" ,
           "do_cumu"  :   "Y" ,
         "cumu_step"  :        50 ,
        "plotenergy"  :         1 ,
       "do_spintemp"  :   "N" ,
             "ntraj"  :         0 ,
             "do_sc"  :    "N" ,
           "comment"  :    "Input data from UppASD simulation" 
  } 
